position x,position y,position z,Rotdata x,Rotdata y,Rotdata z,Rotdata w
0.8221412532040414,-0.4602058330472838,0.3115685235111362,-0.2077405629176204,0.4559359051724308,-0.8529072114128586,0.1466819607627592
0.8289362150263208,-0.4623777566294727,0.2956201187142986,-0.2105320312536056,0.4306545954083234,-0.8714059870594986,0.1042328594387828
0.8337072430619777,-0.4639513345647793,0.2791527460603933,-0.1862406263334093,0.419376611908944,-0.8810791451783101,0.1146177404181945
0.8375521731489552,-0.465158326441536,0.2464531541423574,-0.1352287262156319,0.3946869938197261,-0.8985845976173844,0.1359451707139625
0.8365238143737045,-0.4648455446852352,0.2298975334074712,-0.1098622322836474,0.3818906236749579,-0.905921475660572,0.1462741310135768
0.8346959573274859,-0.46422482576338575,0.19751344534085638,-0.1347619130625949,0.3944450547588742,-0.8987259670446106,0.13617621570490138
